{"stats":{"minecraft:custom":{"minecraft:jump":127,"minecraft:time_since_rest":6686,"minecraft:damage_dealt":100,"minecraft:crouch_one_cm":298,"minecraft:leave_game":2,"minecraft:play_time":6686,"minecraft:sprint_one_cm":19429,"minecraft:time_since_death":6686,"minecraft:walk_one_cm":14294,"minecraft:sneak_time":115,"minecraft:total_world_time":36962,"minecraft:fall_one_cm":1312,"minecraft:fly_one_cm":28750},"minecraft:picked_up":{"minecraft:flint":2,"butchersdelight:dead_cow":1,"minecraft:wheat_seeds":2,"minecraft:gravel":23},"minecraft:used":{"carryon:tile_item":7,"minecraft:gravel":19},"minecraft:mined":{"minecraft:grass":3,"minecraft:gravel":25}},"DataVersion":2975}